sa3_code,sa3_name,is_metro,pop_65plus,pop_85plus,pct_85plus_of_65plus,chsp_recipients,residential_total,home_per_100_65plus,resid_per_100_65plus,resid_per_100_85plus,low_base
10102,Queanbeyan,False,9399.0,896.0,9.53,1046.0,271.0,11.13,2.88,30.25,False
10103,Snowy Mountains,False,4432.0,519.0,11.71,669.0,74.0,15.09,1.67,14.26,False
10104,South Coast,False,25219.0,2627.0,10.42,3753.0,914.0,14.88,3.62,34.79,False
10105,Goulburn - Mulwaree,False,8766.0,1046.0,11.93,1442.0,390.0,16.45,4.45,37.28,False
10106,Young - Yass,False,8351.0,946.0,11.33,1636.0,338.0,19.59,4.05,35.73,False
10201,Gosford,True,42508.0,5751.0,13.53,6887.0,1770.0,16.2,4.16,30.78,False
10202,Wyong,True,37172.0,4741.0,12.75,6788.0,1778.0,18.26,4.78,37.5,False
10301,Bathurst,False,9921.0,1228.0,12.38,1766.0,548.0,17.8,5.52,44.63,False
10302,Lachlan Valley,False,13079.0,1708.0,13.06,3738.0,536.0,28.58,4.1,31.38,False
10303,Lithgow - Mudgee,False,11224.0,1241.0,11.06,2212.0,361.0,19.71,3.22,29.09,False
10304,Orange,False,11827.0,1433.0,12.12,2274.0,607.0,19.23,5.13,42.36,False
10401,Clarence Valley,False,15712.0,1885.0,12.0,3250.0,624.0,20.68,3.97,33.1,False
10402,Coffs Harbour,False,23082.0,2879.0,12.47,5008.0,881.0,21.7,3.82,30.6,False
10501,Bourke - Cobar - Coonamble,False,4452.0,543.0,12.2,943.0,79.0,21.18,1.77,14.55,False
10502,Broken Hill and Far West,False,4641.0,600.0,12.93,902.0,180.0,19.44,3.88,30.0,False
10503,Dubbo,False,14933.0,1941.0,13.0,3179.0,752.0,21.29,5.04,38.74,False
10601,Lower Hunter,False,18048.0,1715.0,9.5,2936.0,651.0,16.27,3.61,37.96,False
10602,Maitland,False,14808.0,1671.0,11.28,2830.0,652.0,19.11,4.4,39.02,False
10603,Port Stephens,False,22569.0,2461.0,10.9,3481.0,602.0,15.42,2.67,24.46,False
10604,Upper Hunter,False,5830.0,719.0,12.33,1233.0,212.0,21.15,3.64,29.49,False
10701,Dapto - Port Kembla,False,15798.0,2228.0,14.1,2967.0,808.0,18.78,5.11,36.27,False
10702,Illawarra Catchment Reserve,False,0.0,0.0,,28.0,0.0,inf,,,True
10703,Kiama - Shellharbour,False,21893.0,2540.0,11.6,3421.0,782.0,15.63,3.57,30.79,False
10704,Wollongong,False,25158.0,3651.0,14.51,4059.0,1013.0,16.13,4.03,27.75,False
10801,Great Lakes,False,12395.0,1533.0,12.37,1888.0,560.0,15.23,4.52,36.53,False
10802,Kempsey - Nambucca,False,15069.0,1563.0,10.37,2729.0,699.0,18.11,4.64,44.72,False
10803,Lord Howe Island,False,97.0,6.0,6.19,0.0,0.0,0.0,0.0,0.0,True
10804,Port Macquarie,False,26813.0,3550.0,13.24,5133.0,1234.0,19.14,4.6,34.76,False
10805,Taree - Gloucester,False,18169.0,2048.0,11.27,2969.0,612.0,16.34,3.37,29.88,False
10901,Albury,False,14292.0,1679.0,11.75,2706.0,691.0,18.93,4.83,41.16,False
10902,Lower Murray,False,3013.0,337.0,11.18,793.0,100.0,26.32,3.32,29.67,False
10903,Upper Murray exc. Albury,False,13489.0,1604.0,11.89,2577.0,434.0,19.1,3.22,27.06,False
11001,Armidale,False,7798.0,965.0,12.37,1681.0,295.0,21.56,3.78,30.57,False
11002,Inverell - Tenterfield,False,10886.0,1250.0,11.48,2683.0,388.0,24.65,3.56,31.04,False
11003,Moree - Narrabri,False,4615.0,524.0,11.35,844.0,156.0,18.29,3.38,29.77,False
11004,Tamworth - Gunnedah,False,17858.0,2339.0,13.1,4001.0,757.0,22.4,4.24,32.36,False
11101,Lake Macquarie - East,False,28081.0,3788.0,13.49,5042.0,1092.0,17.96,3.89,28.83,False
11102,Lake Macquarie - West,False,20111.0,2542.0,12.64,3491.0,1115.0,17.36,5.54,43.86,False
11103,Newcastle,False,31958.0,4348.0,13.61,5421.0,1991.0,16.96,6.23,45.79,False
11201,Richmond Valley - Coastal,False,21921.0,2621.0,11.96,3944.0,872.0,17.99,3.98,33.27,False
11202,Richmond Valley - Hinterland,False,16704.0,1874.0,11.22,3321.0,597.0,19.88,3.57,31.86,False
11203,Tweed Valley,False,26951.0,3888.0,14.43,4879.0,1245.0,18.1,4.62,32.02,False
11301,Griffith - Murrumbidgee (West),False,9103.0,1299.0,14.27,1871.0,499.0,20.55,5.48,38.41,False
11302,Tumut - Tumbarumba,False,3676.0,393.0,10.69,747.0,95.0,20.32,2.58,24.17,False
11303,Wagga Wagga,False,20093.0,2703.0,13.45,3807.0,915.0,18.95,4.55,33.85,False
11401,Shoalhaven,False,31663.0,3656.0,11.55,5337.0,1180.0,16.86,3.73,32.28,False
11402,Southern Highlands,False,15109.0,1864.0,12.34,1859.0,626.0,12.3,4.14,33.58,False
11501,Baulkham Hills,True,29062.0,3873.0,13.33,4389.0,1818.0,15.1,6.26,46.94,False
11502,Dural - Wisemans Ferry,True,6028.0,838.0,13.9,445.0,358.0,7.38,5.94,42.72,False
11503,Hawkesbury,True,4445.0,369.0,8.3,456.0,34.0,10.26,0.76,9.21,False
11504,Rouse Hill - McGraths Hill,True,6775.0,602.0,8.89,661.0,113.0,9.76,1.67,18.77,False
11601,Blacktown,True,20969.0,2326.0,11.09,3698.0,794.0,17.64,3.79,34.14,False
11602,Blacktown - North,True,13047.0,1075.0,8.24,1948.0,373.0,14.93,2.86,34.7,False
11603,Mount Druitt,True,14627.0,1422.0,9.72,2573.0,752.0,17.59,5.14,52.88,False
11701,Botany,True,7479.0,994.0,13.29,1252.0,156.0,16.74,2.09,15.69,False
11702,Marrickville - Sydenham - Petersham,True,7042.0,1019.0,14.47,976.0,303.0,13.86,4.3,29.74,False
11703,Sydney Inner City,True,22052.0,2565.0,11.63,2930.0,673.0,13.29,3.05,26.24,False
11801,Eastern Suburbs - North,True,20799.0,3389.0,16.29,2510.0,934.0,12.07,4.49,27.56,False
11802,Eastern Suburbs - South,True,20797.0,3238.0,15.57,3432.0,1059.0,16.5,5.09,32.71,False
11901,Bankstown,True,29160.0,4027.0,13.81,3717.0,1659.0,12.75,5.69,41.2,False
11902,Canterbury,True,21800.0,3423.0,15.7,3783.0,866.0,17.35,3.97,25.3,False
11903,Hurstville,True,24832.0,3762.0,15.15,4062.0,1243.0,16.36,5.01,33.04,False
11904,Kogarah - Rockdale,True,24180.0,3809.0,15.75,3964.0,1373.0,16.39,5.68,36.05,False
12001,Canada Bay,True,15746.0,2321.0,14.74,2200.0,672.0,13.97,4.27,28.95,False
12002,Leichhardt,True,8597.0,944.0,10.98,1096.0,332.0,12.75,3.86,35.17,False
12003,Strathfield - Burwood - Ashfield,True,23868.0,4118.0,17.25,3669.0,1425.0,15.37,5.97,34.6,False
12101,Chatswood - Lane Cove,True,18720.0,2787.0,14.89,2633.0,837.0,14.07,4.47,30.03,False
12102,Hornsby,True,14592.0,1911.0,13.1,2053.0,868.0,14.07,5.95,45.42,False
12103,Ku-ring-gai,True,24800.0,4287.0,17.29,3343.0,1461.0,13.48,5.89,34.08,False
12104,North Sydney - Mosman,True,18670.0,2572.0,13.78,2229.0,504.0,11.94,2.7,19.6,False
12201,Manly,True,7087.0,993.0,14.01,828.0,166.0,11.68,2.34,16.72,False
12202,Pittwater,True,14895.0,2001.0,13.43,1840.0,598.0,12.35,4.01,29.89,False
12203,Warringah,True,27236.0,4638.0,17.03,4376.0,1384.0,16.07,5.08,29.84,False
12301,Camden,True,9414.0,1011.0,10.74,1493.0,527.0,15.86,5.6,52.13,False
12302,Campbelltown (NSW),True,25790.0,2305.0,8.94,3937.0,1282.0,15.27,4.97,55.62,False
12303,Wollondilly,True,8079.0,854.0,10.57,1182.0,260.0,14.63,3.22,30.44,False
12401,Blue Mountains,True,18347.0,1809.0,9.86,2949.0,650.0,16.07,3.54,35.93,False
12402,Blue Mountains - South,True,4.0,0.0,0.0,0.0,0.0,0.0,0.0,,True
12403,Penrith,True,22519.0,2343.0,10.4,3779.0,1000.0,16.78,4.44,42.68,False
12404,Richmond - Windsor,True,6596.0,915.0,13.87,1187.0,378.0,18.0,5.73,41.31,False
12405,St Marys,True,8003.0,676.0,8.45,1240.0,234.0,15.49,2.92,34.62,False
12501,Auburn,True,11715.0,1220.0,10.41,1340.0,382.0,11.44,3.26,31.31,False
12502,Carlingford,True,12266.0,1641.0,13.38,1638.0,207.0,13.35,1.69,12.61,False
12503,Merrylands - Guildford,True,22930.0,2875.0,12.54,3735.0,1041.0,16.29,4.54,36.21,False
12504,Parramatta,True,19086.0,2431.0,12.74,3175.0,1484.0,16.64,7.78,61.04,False
12601,Pennant Hills - Epping,True,9464.0,1362.0,14.39,1237.0,282.0,13.07,2.98,20.7,False
12602,Ryde - Hunters Hill,True,24519.0,4062.0,16.57,3780.0,1464.0,15.42,5.97,36.04,False
12701,Bringelly - Green Valley,True,16461.0,1506.0,9.15,1811.0,456.0,11.0,2.77,30.28,False
12702,Fairfield,True,35541.0,4201.0,11.82,3591.0,1312.0,10.1,3.69,31.23,False
12703,Liverpool,True,17922.0,2056.0,11.47,2155.0,592.0,12.02,3.3,28.79,False
12801,Cronulla - Miranda - Caringbah,True,24905.0,4077.0,16.37,4454.0,1187.0,17.88,4.77,29.11,False
12802,Sutherland - Menai - Heathcote,True,20535.0,2628.0,12.8,3589.0,1306.0,17.48,6.36,49.7,False
20101,Ballarat,False,23245.0,2927.0,12.59,4868.0,1157.0,20.94,4.98,39.53,False
20102,Creswick - Daylesford - Ballan,False,7975.0,720.0,9.03,1359.0,281.0,17.04,3.52,39.03,False
20103,Maryborough - Pyrenees,False,7886.0,819.0,10.39,1699.0,266.0,21.54,3.37,32.48,False
20201,Bendigo,False,21268.0,2805.0,13.19,4290.0,1134.0,20.17,5.33,40.43,False
20202,Heathcote - Castlemaine - Kyneton,False,14107.0,1464.0,10.38,2592.0,541.0,18.37,3.83,36.95,False
20203,Loddon - Elmore,False,3440.0,387.0,11.25,918.0,56.0,26.69,1.63,14.47,False
20301,Barwon - West,False,3895.0,328.0,8.42,563.0,167.0,14.45,4.29,50.91,False
20302,Geelong,False,39996.0,5348.0,13.37,8282.0,2321.0,20.71,5.8,43.4,False
20303,Surf Coast - Bellarine Peninsula,False,25728.0,2578.0,10.02,4343.0,931.0,16.88,3.62,36.11,False
20401,Upper Goulburn Valley,False,16102.0,1666.0,10.35,3090.0,586.0,19.19,3.64,35.17,False
20402,Wangaratta - Benalla,False,13118.0,1703.0,12.98,3287.0,591.0,25.06,4.51,34.7,False
20403,Wodonga - Alpine,False,17101.0,1947.0,11.39,3813.0,583.0,22.3,3.41,29.94,False
20501,Baw Baw,False,13587.0,1549.0,11.4,2623.0,526.0,19.31,3.87,33.96,False
20502,Gippsland - East,False,15960.0,1625.0,10.18,3981.0,493.0,24.94,3.09,30.34,False
20503,Gippsland - South West,False,22227.0,2241.0,10.08,4420.0,716.0,19.89,3.22,31.95,False
20504,Latrobe Valley,False,17063.0,1938.0,11.36,3871.0,917.0,22.69,5.37,47.32,False
20505,Wellington,False,11390.0,1104.0,9.69,2419.0,428.0,21.24,3.76,38.77,False
20601,Brunswick - Coburg,True,11370.0,1960.0,17.24,3024.0,405.0,26.6,3.56,20.66,False
20602,Darebin - South,True,7439.0,1280.0,17.21,1516.0,412.0,20.38,5.54,32.19,False
20603,Essendon,True,10944.0,1522.0,13.91,1926.0,610.0,17.6,5.57,40.08,False
20604,Melbourne City,True,11878.0,1427.0,12.01,1631.0,676.0,13.73,5.69,47.37,False
20605,Port Phillip,True,15177.0,1740.0,11.46,1936.0,560.0,12.76,3.69,32.18,False
20606,Stonnington - West,True,10459.0,1676.0,16.02,1380.0,188.0,13.19,1.8,11.22,False
20607,Yarra,True,11521.0,1449.0,12.58,2558.0,264.0,22.2,2.29,18.22,False
20701,Boroondara,True,32084.0,5013.0,15.62,4187.0,1943.0,13.05,6.06,38.76,False
20702,Manningham - West,True,22934.0,4254.0,18.55,4090.0,1246.0,17.83,5.43,29.29,False
20703,Whitehorse - West,True,19845.0,3626.0,18.27,3323.0,1049.0,16.74,5.29,28.93,False
20801,Bayside,True,22811.0,3469.0,15.21,3703.0,1275.0,16.23,5.59,36.75,False
20802,Glen Eira,True,26617.0,4236.0,15.91,4959.0,1514.0,18.63,5.69,35.74,False
20803,Kingston,True,23419.0,3549.0,15.15,5238.0,1071.0,22.37,4.57,30.18,False
20804,Stonnington - East,True,8002.0,1317.0,16.46,1056.0,643.0,13.2,8.04,48.82,False
20901,Banyule,True,24705.0,3410.0,13.8,4877.0,1106.0,19.74,4.48,32.43,False
20902,Darebin - North,True,14902.0,2712.0,18.2,4070.0,951.0,27.31,6.38,35.07,False
20903,Nillumbik - Kinglake,True,12277.0,1034.0,8.42,1888.0,484.0,15.38,3.94,46.81,False
20904,Whittlesea - Wallan,True,35118.0,3868.0,11.01,7257.0,1556.0,20.66,4.43,40.23,False
21001,Keilor,True,13444.0,2364.0,17.58,2787.0,583.0,20.73,4.34,24.66,False
21002,Macedon Ranges,True,6261.0,521.0,8.32,992.0,261.0,15.84,4.17,50.1,False
21003,Moreland - North,True,11395.0,2639.0,23.16,3536.0,900.0,31.03,7.9,34.1,False
21004,Sunbury,True,7266.0,750.0,10.32,1529.0,183.0,21.04,2.52,24.4,False
21005,Tullamarine - Broadmeadows,True,23007.0,2054.0,8.93,5828.0,627.0,25.33,2.73,30.53,False
21101,Knox,True,30065.0,3887.0,12.93,5482.0,1449.0,18.23,4.82,37.28,False
21102,Manningham - East,True,5661.0,821.0,14.5,705.0,321.0,12.45,5.67,39.1,False
21103,Maroondah,True,21060.0,2957.0,14.04,3429.0,1262.0,16.28,5.99,42.68,False
21104,Whitehorse - East,True,12798.0,2077.0,16.23,2166.0,640.0,16.92,5.0,30.81,False
21105,Yarra Ranges,True,29387.0,3020.0,10.28,3874.0,1025.0,13.18,3.49,33.94,False
21201,Cardinia,True,16656.0,1774.0,10.65,2633.0,720.0,15.81,4.32,40.59,False
21202,Casey - North,True,21370.0,2582.0,12.08,3386.0,1061.0,15.84,4.96,41.09,False
21203,Casey - South,True,23456.0,2128.0,9.07,3742.0,694.0,15.95,2.96,32.61,False
21204,Dandenong,True,33736.0,4662.0,13.82,7537.0,1624.0,22.34,4.81,34.83,False
21205,Monash,True,33569.0,6184.0,18.42,6382.0,2141.0,19.01,6.38,34.62,False
21301,Brimbank,True,31568.0,3684.0,11.67,6352.0,1159.0,20.12,3.67,31.46,False
21302,Hobsons Bay,True,15125.0,2165.0,14.31,2821.0,761.0,18.65,5.03,35.15,False
21303,Maribyrnong,True,10003.0,1345.0,13.45,1858.0,539.0,18.57,5.39,40.07,False
21304,Melton - Bacchus Marsh,True,22960.0,1866.0,8.13,4805.0,596.0,20.93,2.6,31.94,False
21305,Wyndham,True,26311.0,2237.0,8.5,4443.0,1163.0,16.89,4.42,51.99,False
21401,Frankston,True,24235.0,3058.0,12.62,4160.0,1294.0,17.17,5.34,42.32,False
21402,Mornington Peninsula,True,48518.0,6464.0,13.32,6736.0,2217.0,13.88,4.57,34.3,False
21501,Grampians,False,15308.0,2092.0,13.67,4650.0,771.0,30.38,5.04,36.85,False
21502,Mildura,False,11666.0,1580.0,13.54,3234.0,565.0,27.72,4.84,35.76,False
21503,Murray River - Swan Hill,False,9315.0,1255.0,13.47,3213.0,459.0,34.49,4.93,36.57,False
21601,Campaspe,False,9931.0,1316.0,13.25,2317.0,503.0,23.33,5.06,38.22,False
21602,Moira,False,8818.0,1121.0,12.71,2238.0,384.0,25.38,4.35,34.26,False
21603,Shepparton,False,13820.0,1799.0,13.02,2651.0,687.0,19.18,4.97,38.19,False
21701,Glenelg - Southern Grampians,False,9986.0,1213.0,12.15,1967.0,480.0,19.7,4.81,39.57,False
21703,Colac - Corangamite,False,9786.0,1203.0,12.29,2412.0,359.0,24.65,3.67,29.84,False
21704,Warrnambool,False,11967.0,1431.0,11.96,2402.0,532.0,20.07,4.45,37.18,False
30101,Capalaba,True,14360.0,1422.0,9.9,2627.0,554.0,18.29,3.86,38.96,False
30102,Cleveland - Stradbroke,True,24030.0,2787.0,11.6,4931.0,956.0,20.52,3.98,34.3,False
30103,Wynnum - Manly,True,12001.0,1500.0,12.5,2462.0,469.0,20.51,3.91,31.27,False
30201,Bald Hills - Everton Park,True,7834.0,1169.0,14.92,1700.0,488.0,21.7,6.23,41.75,False
30202,Chermside,True,12215.0,2358.0,19.3,3283.0,705.0,26.88,5.77,29.9,False
30203,Nundah,True,6094.0,797.0,13.08,1325.0,310.0,21.74,5.09,38.9,False
30204,Sandgate,True,11020.0,1447.0,13.13,2919.0,705.0,26.49,6.4,48.72,False
30301,Carindale,True,8633.0,1119.0,12.96,1859.0,457.0,21.53,5.29,40.84,False
30302,Holland Park - Yeronga,True,9679.0,1453.0,15.01,1899.0,668.0,19.62,6.9,45.97,False
30303,Mt Gravatt,True,11624.0,1668.0,14.35,2574.0,667.0,22.14,5.74,39.99,False
30304,Nathan,True,5429.0,842.0,15.51,1284.0,130.0,23.65,2.39,15.44,False
30305,Rocklea - Acacia Ridge,True,8570.0,866.0,10.11,1508.0,668.0,17.6,7.79,77.14,False
30306,Sunnybank,True,7830.0,873.0,11.15,1468.0,352.0,18.75,4.5,40.32,False
30401,Centenary,True,6416.0,700.0,10.91,1183.0,439.0,18.44,6.84,62.71,False
30402,Kenmore - Brookfield - Moggill,True,8555.0,1255.0,14.67,1306.0,447.0,15.27,5.23,35.62,False
30403,Sherwood - Indooroopilly,True,8037.0,1077.0,13.4,1460.0,323.0,18.17,4.02,29.99,False
30404,The Gap - Enoggera,True,8284.0,1086.0,13.11,1742.0,553.0,21.03,6.68,50.92,False
30501,Brisbane Inner,True,9915.0,1090.0,10.99,1389.0,414.0,14.01,4.18,37.98,False
30502,Brisbane Inner - East,True,4883.0,580.0,11.88,666.0,106.0,13.64,2.17,18.28,False
30503,Brisbane Inner - North,True,12223.0,1583.0,12.95,1875.0,751.0,15.34,6.14,47.44,False
30504,Brisbane Inner - West,True,7012.0,841.0,11.99,1126.0,271.0,16.06,3.86,32.22,False
30601,Cairns - North,False,10408.0,807.0,7.75,1555.0,408.0,14.94,3.92,50.56,False
30602,Cairns - South,False,17632.0,1845.0,10.46,3657.0,969.0,20.74,5.5,52.52,False
30603,Innisfail - Cassowary Coast,False,8561.0,829.0,9.68,1343.0,238.0,15.69,2.78,28.71,False
30604,Port Douglas - Daintree,False,2826.0,226.0,8.0,318.0,112.0,11.25,3.96,49.56,False
30605,Tablelands (East) - Kuranda,False,11509.0,1183.0,10.28,2217.0,257.0,19.26,2.23,21.72,False
30701,Darling Downs (West) - Maranoa,False,8357.0,969.0,11.6,1564.0,311.0,18.71,3.72,32.09,False
30702,Darling Downs - East,False,9524.0,1098.0,11.53,1657.0,463.0,17.4,4.86,42.17,False
30703,Granite Belt,False,11731.0,1211.0,10.32,1717.0,498.0,14.64,4.25,41.12,False
30801,Central Highlands (Qld),False,3224.0,244.0,7.57,425.0,46.0,13.18,1.43,18.85,False
30803,Rockhampton,False,23759.0,2648.0,11.15,4250.0,979.0,17.89,4.12,36.97,False
30804,Biloela,False,2510.0,309.0,12.31,344.0,91.0,13.71,3.63,29.45,False
30805,Gladstone,False,10359.0,731.0,7.06,1673.0,213.0,16.15,2.06,29.14,False
30901,Broadbeach - Burleigh,False,13926.0,1835.0,13.18,2232.0,433.0,16.03,3.11,23.6,False
30902,Coolangatta,False,12049.0,1600.0,13.28,1966.0,472.0,16.32,3.92,29.5,False
30903,Gold Coast - North,False,19211.0,2329.0,12.12,3293.0,990.0,17.14,5.15,42.51,False
30904,Gold Coast Hinterland,False,4591.0,422.0,9.19,626.0,40.0,13.64,0.87,9.48,False
30905,Mudgeeraba - Tallebudgera,False,5593.0,546.0,9.76,765.0,368.0,13.68,6.58,67.4,False
30906,Nerang,False,12507.0,1530.0,12.23,2136.0,216.0,17.08,1.73,14.12,False
30907,Ormeau - Oxenford,False,22174.0,1898.0,8.56,2912.0,721.0,13.13,3.25,37.99,False
30908,Robina,False,10276.0,1465.0,14.26,1727.0,683.0,16.81,6.65,46.62,False
30909,Southport,False,12303.0,1870.0,15.2,2208.0,1008.0,17.95,8.19,53.9,False
30910,Surfers Paradise,False,11509.0,1163.0,10.11,1304.0,74.0,11.33,0.64,6.36,False
31001,Forest Lake - Oxley,True,10609.0,1301.0,12.26,2314.0,448.0,21.81,4.22,34.44,False
31002,Ipswich Hinterland,True,14874.0,1283.0,8.63,2005.0,378.0,13.48,2.54,29.46,False
31003,Ipswich Inner,True,18511.0,2191.0,11.84,3949.0,905.0,21.33,4.89,41.31,False
31004,Springfield - Redbank,True,9843.0,779.0,7.91,1733.0,0.0,17.61,0.0,0.0,False
31101,Beaudesert,True,3766.0,402.0,10.67,770.0,216.0,20.45,5.74,53.73,False
31102,Beenleigh,True,8014.0,938.0,11.7,2020.0,237.0,25.21,2.96,25.27,False
31103,Browns Plains,True,12298.0,1021.0,8.3,2327.0,518.0,18.92,4.21,50.73,False
31104,Jimboomba,True,8121.0,509.0,6.27,1319.0,141.0,16.24,1.74,27.7,False
31105,Loganlea - Carbrook,True,10748.0,1079.0,10.04,2326.0,742.0,21.64,6.9,68.77,False
31106,Springwood - Kingston,True,11959.0,1121.0,9.37,2401.0,549.0,20.08,4.59,48.97,False
31201,Bowen Basin - North,False,4779.0,372.0,7.78,903.0,144.0,18.9,3.01,38.71,False
31202,Mackay,False,20772.0,2119.0,10.2,3780.0,804.0,18.2,3.87,37.94,False
31203,Whitsunday,False,3995.0,266.0,6.66,525.0,94.0,13.14,2.35,35.34,False
31301,Bribie - Beachmere,True,16643.0,1705.0,10.24,4057.0,298.0,24.38,1.79,17.48,False
31302,Caboolture,True,14147.0,1437.0,10.16,2627.0,1195.0,18.57,8.45,83.16,False
31303,Caboolture Hinterland,True,3183.0,240.0,7.54,394.0,109.0,12.38,3.42,45.42,False
31304,Narangba - Burpengary,True,12139.0,1159.0,9.55,2643.0,589.0,21.77,4.85,50.82,False
31305,Redcliffe,True,17901.0,2232.0,12.47,3478.0,878.0,19.43,4.9,39.34,False
31401,The Hills District,True,14423.0,1248.0,8.65,2004.0,169.0,13.89,1.17,13.54,False
31402,North Lakes,True,10531.0,1166.0,11.07,2029.0,552.0,19.27,5.24,47.34,False
31403,Strathpine,True,6298.0,601.0,9.54,1242.0,297.0,19.72,4.72,49.42,False
31501,Far North,False,3905.0,226.0,5.79,837.0,65.0,21.43,1.66,28.76,False
31502,Outback - North,False,3111.0,233.0,7.49,840.0,47.0,27.0,1.51,20.17,False
31503,Outback - South,False,3582.0,384.0,10.72,930.0,81.0,25.96,2.26,21.09,False
31601,Buderim,False,13064.0,1951.0,14.93,2918.0,458.0,22.34,3.51,23.48,False
31602,Caloundra,False,24535.0,3237.0,13.19,5768.0,1499.0,23.51,6.11,46.31,False
31603,Maroochy,False,16682.0,1911.0,11.46,2446.0,1136.0,14.66,6.81,59.45,False
31605,Noosa,False,13118.0,1611.0,12.28,2047.0,656.0,15.6,5.0,40.72,False
31606,Sunshine Coast Hinterland,False,14275.0,1300.0,9.11,2481.0,248.0,17.38,1.74,19.08,False
31607,Nambour,False,10401.0,1140.0,10.96,2303.0,446.0,22.14,4.29,39.12,False
31608,Noosa Hinterland,False,6505.0,585.0,8.99,838.0,90.0,12.88,1.38,15.38,False
31701,Toowoomba,False,32904.0,4255.0,12.93,6973.0,1610.0,21.19,4.89,37.84,False
31801,Charters Towers - Ayr - Ingham,False,10374.0,1335.0,12.87,2322.0,447.0,22.38,4.31,33.48,False
31802,Townsville,False,30551.0,3010.0,9.85,6718.0,1187.0,21.99,3.89,39.44,False
31901,Bundaberg,False,26703.0,3026.0,11.33,5332.0,824.0,19.97,3.09,27.23,False
31902,Burnett,False,14144.0,1314.0,9.29,2160.0,416.0,15.27,2.94,31.66,False
31903,Gympie - Cooloola,False,14930.0,1380.0,9.24,2149.0,403.0,14.39,2.7,29.2,False
31904,Hervey Bay,False,21907.0,2293.0,10.47,4728.0,830.0,21.58,3.79,36.2,False
31905,Maryborough,False,15430.0,1364.0,8.84,2757.0,500.0,17.87,3.24,36.66,False
40101,Adelaide City,True,4358.0,555.0,12.74,470.0,136.0,10.78,3.12,24.5,False
40102,Adelaide Hills,True,16654.0,1651.0,9.91,2526.0,587.0,15.17,3.52,35.55,False
40103,Burnside,True,11172.0,1742.0,15.59,1992.0,472.0,17.83,4.22,27.1,False
40104,Campbelltown (SA),True,11539.0,2122.0,18.39,2481.0,610.0,21.5,5.29,28.75,False
40105,Norwood - Payneham - St Peters,True,8215.0,1466.0,17.85,1586.0,385.0,19.31,4.69,26.26,False
40106,Prospect - Walkerville,True,5706.0,824.0,14.44,866.0,242.0,15.18,4.24,29.37,False
40107,Unley,True,8917.0,1433.0,16.07,1529.0,975.0,17.15,10.93,68.04,False
40201,Gawler - Two Wells,True,7738.0,1080.0,13.96,1641.0,353.0,21.21,4.56,32.69,False
40202,Playford,True,14231.0,1767.0,12.42,2869.0,811.0,20.16,5.7,45.9,False
40203,Port Adelaide - East,True,11308.0,1647.0,14.56,2429.0,603.0,21.48,5.33,36.61,False
40204,Salisbury,True,23395.0,2835.0,12.12,4689.0,1080.0,20.04,4.62,38.1,False
40205,Tea Tree Gully,True,20826.0,2694.0,12.94,3725.0,895.0,17.89,4.3,33.22,False
40301,Holdfast Bay,True,10410.0,1502.0,14.43,1830.0,527.0,17.58,5.06,35.09,False
40302,Marion,True,19166.0,2699.0,14.08,3868.0,973.0,20.18,5.08,36.05,False
40303,Mitcham,True,14334.0,2206.0,15.39,2354.0,836.0,16.42,5.83,37.9,False
40304,Onkaparinga,True,37608.0,4183.0,11.12,6231.0,1609.0,16.57,4.28,38.47,False
40401,Charles Sturt,True,24761.0,3785.0,15.29,4679.0,1345.0,18.9,5.43,35.54,False
40402,Port Adelaide - West,True,12024.0,1427.0,11.87,2045.0,539.0,17.01,4.48,37.77,False
40403,West Torrens,True,12071.0,2351.0,19.48,2237.0,840.0,18.53,6.96,35.73,False
40501,Barossa,False,8916.0,956.0,10.72,1878.0,352.0,21.06,3.95,36.82,False
40502,Lower North,False,6302.0,638.0,10.12,1263.0,310.0,20.04,4.92,48.59,False
40503,Mid North,False,7271.0,835.0,11.48,1708.0,310.0,23.49,4.26,37.13,False
40504,Yorke Peninsula,False,10029.0,1083.0,10.8,2435.0,333.0,24.28,3.32,30.75,False
40601,Eyre Peninsula and South West,False,12856.0,1461.0,11.36,2878.0,245.0,22.39,1.91,16.77,False
40602,Outback - North and East,False,4201.0,401.0,9.55,982.0,100.0,23.38,2.38,24.94,False
40701,Fleurieu - Kangaroo Island,False,21464.0,2400.0,11.18,3386.0,614.0,15.78,2.86,25.58,False
40702,Limestone Coast,False,15805.0,1947.0,12.32,3025.0,632.0,19.14,4.0,32.46,False
40703,Murray and Mallee,False,19118.0,2218.0,11.6,4279.0,644.0,22.38,3.37,29.04,False
50101,Augusta - Margaret River - Busselton,False,14577.0,1558.0,10.69,1993.0,422.0,13.67,2.89,27.09,False
50102,Bunbury,False,23037.0,2426.0,10.53,4128.0,764.0,17.92,3.32,31.49,False
50103,Manjimup,False,6641.0,598.0,9.0,864.0,135.0,13.01,2.03,22.58,False
50201,Mandurah,True,31253.0,3856.0,12.34,5599.0,878.0,17.92,2.81,22.77,False
50301,Cottesloe - Claremont,True,16064.0,2513.0,15.64,1873.0,786.0,11.66,4.89,31.28,False
50302,Perth City,True,17257.0,2303.0,13.35,1985.0,1651.0,11.5,9.57,71.69,False
50401,Bayswater - Bassendean,True,15684.0,2086.0,13.3,2628.0,714.0,16.76,4.55,34.23,False
50402,Mundaring,True,9643.0,1077.0,11.17,1296.0,167.0,13.44,1.73,15.51,False
50403,Swan,True,20121.0,2006.0,9.97,2927.0,672.0,14.55,3.34,33.5,False
50501,Joondalup,True,32519.0,3268.0,10.05,3628.0,684.0,11.16,2.1,20.93,False
50502,Stirling,True,39088.0,6276.0,16.06,7015.0,1802.0,17.95,4.61,28.71,False
50503,Wanneroo,True,29280.0,3101.0,10.59,4112.0,1086.0,14.04,3.71,35.02,False
50601,Armadale,True,12982.0,1268.0,9.77,2057.0,350.0,15.85,2.7,27.6,False
50602,Belmont - Victoria Park,True,11087.0,1360.0,12.27,1746.0,654.0,15.75,5.9,48.09,False
50603,Canning,True,16274.0,2251.0,13.83,3324.0,988.0,20.43,6.07,43.89,False
50604,Gosnells,True,19206.0,2145.0,11.17,3134.0,707.0,16.32,3.68,32.96,False
50605,Kalamunda,True,12192.0,1670.0,13.7,1901.0,430.0,15.59,3.53,25.75,False
50606,Serpentine - Jarrahdale,True,3994.0,304.0,7.61,453.0,68.0,11.34,1.7,22.37,False
50607,South Perth,True,9033.0,1156.0,12.8,1179.0,866.0,13.05,9.59,74.91,False
50701,Cockburn,True,17992.0,2120.0,11.78,2534.0,796.0,14.08,4.42,37.55,False
50702,Fremantle,True,8655.0,1136.0,13.13,983.0,710.0,11.36,8.2,62.5,False
50703,Kwinana,True,5185.0,511.0,9.86,822.0,123.0,15.85,2.37,24.07,False
50704,Melville,True,24258.0,3664.0,15.1,3365.0,1341.0,13.87,5.53,36.6,False
50705,Rockingham,True,21983.0,2376.0,10.81,3544.0,734.0,16.12,3.34,30.89,False
50901,Albany,False,15746.0,1859.0,11.81,2454.0,415.0,15.58,2.64,22.32,False
50902,Wheat Belt - North,False,14662.0,1464.0,9.98,1347.0,145.0,9.19,0.99,9.9,False
50903,Wheat Belt - South,False,4787.0,501.0,10.47,697.0,140.0,14.56,2.92,27.94,False
51001,Kimberley,False,3248.0,162.0,4.99,458.0,116.0,14.1,3.57,71.6,True
51002,East Pilbara,False,1176.0,61.0,5.19,134.0,38.0,11.39,3.23,62.3,True
51003,West Pilbara,False,1206.0,32.0,2.65,76.0,16.0,6.3,1.33,50.0,True
51101,Esperance,False,3418.0,410.0,12.0,460.0,100.0,13.46,2.93,24.39,False
51102,Gascoyne,False,1657.0,124.0,7.48,152.0,0.0,9.17,0.0,0.0,True
51103,Goldfields,False,4120.0,273.0,6.63,443.0,103.0,10.75,2.5,37.73,False
51104,Mid West,False,11940.0,1296.0,10.85,1664.0,277.0,13.94,2.32,21.37,False
60101,Brighton,True,3157.0,199.0,6.3,671.0,71.0,21.25,2.25,35.68,True
60102,Hobart - North East,True,13082.0,1780.0,13.61,2627.0,548.0,20.08,4.19,30.79,False
60103,Hobart - North West,True,10661.0,1460.0,13.69,2498.0,559.0,23.43,5.24,38.29,False
60104,Hobart - South and West,True,7779.0,849.0,10.91,1454.0,211.0,18.69,2.71,24.85,False
60105,Hobart Inner,True,10407.0,1327.0,12.75,1706.0,606.0,16.39,5.82,45.67,False
60106,Sorell - Dodges Ferry,True,4290.0,398.0,9.28,756.0,63.0,17.62,1.47,15.83,False
60201,Launceston,False,17756.0,2385.0,13.43,4126.0,1072.0,23.24,6.04,44.95,False
60202,Meander Valley - West Tamar,False,6879.0,602.0,8.75,1101.0,84.0,16.01,1.22,13.95,False
60203,North East,False,11195.0,1068.0,9.54,2207.0,221.0,19.71,1.97,20.69,False
60301,Central Highlands (Tas.),False,2829.0,203.0,7.18,406.0,18.0,14.35,0.64,8.87,False
60302,Huon - Bruny Island,False,5814.0,511.0,8.79,771.0,101.0,13.26,1.74,19.77,False
60303,South East Coast,False,2897.0,245.0,8.46,414.0,49.0,14.29,1.69,20.0,False
60401,Burnie - Ulverstone,False,12356.0,1498.0,12.12,2764.0,532.0,22.37,4.31,35.51,False
60402,Devonport,False,12512.0,1346.0,10.76,2537.0,479.0,20.28,3.83,35.59,False
60403,West Coast,False,4061.0,369.0,9.09,757.0,96.0,18.64,2.36,26.02,False
70101,Darwin City,True,3122.0,230.0,7.37,503.0,85.0,16.11,2.72,36.96,False
70102,Darwin Suburbs,True,7102.0,550.0,7.74,1495.0,157.0,21.05,2.21,28.55,False
70103,Litchfield,True,3125.0,142.0,4.54,313.0,0.0,10.02,0.0,0.0,True
70104,Palmerston,True,2863.0,171.0,5.97,617.0,83.0,21.55,2.9,48.54,True
70201,Alice Springs,False,3701.0,261.0,7.05,1063.0,152.0,28.72,4.11,58.24,False
70202,Barkly,False,491.0,17.0,3.46,159.0,0.0,32.38,0.0,0.0,True
70203,Daly - Tiwi - West Arnhem,False,1695.0,47.0,2.77,331.0,0.0,19.53,0.0,0.0,True
70204,East Arnhem,False,682.0,11.0,1.61,275.0,0.0,40.32,0.0,0.0,True
70205,Katherine,False,1732.0,89.0,5.14,395.0,52.0,22.81,3.0,58.43,True
80101,Belconnen,False,16398.0,1913.0,11.67,2786.0,574.0,16.99,3.5,30.01,False
80103,Canberra East,False,303.0,17.0,5.61,39.0,0.0,12.87,0.0,0.0,True
80104,Gungahlin,False,7286.0,592.0,8.13,1217.0,0.0,16.7,0.0,0.0,False
80105,North Canberra,False,7336.0,1074.0,14.64,1225.0,298.0,16.7,4.06,27.75,False
80106,South Canberra,False,6330.0,855.0,13.51,715.0,390.0,11.3,6.16,45.61,False
80107,Tuggeranong,False,15380.0,1546.0,10.05,2524.0,368.0,16.41,2.39,23.8,False
80108,Weston Creek,False,5049.0,707.0,14.0,856.0,359.0,16.95,7.11,50.78,False
80109,Woden Valley,False,7123.0,1233.0,17.31,1179.0,549.0,16.55,7.71,44.53,False
80110,Molonglo,False,628.0,35.0,5.57,80.0,0.0,12.74,0.0,0.0,True
80111,Uriarra - Namadgi,False,63.0,1.0,1.59,9.0,0.0,14.29,0.0,0.0,True
90101,Christmas Island,False,263.0,7.0,2.66,0.0,0.0,0.0,0.0,0.0,True
90102,Cocos (Keeling) Islands,False,128.0,6.0,4.69,0.0,0.0,0.0,0.0,0.0,True
90103,Jervis Bay,False,53.0,6.0,11.32,9.0,0.0,16.98,0.0,0.0,True
90104,Norfolk Island,False,660.0,77.0,11.67,159.0,0.0,24.09,0.0,0.0,True
